{
	"credit": "Made with Blockbench",
	"parent": "block/door_bottom",
	"ambientocclusion": false,
	"texture_size": [16, 20],
	"textures": {
		"particle": "block/spruce_door_top",
		"bottom": "block/spruce_door_top"
	},
	"elements": [
		{
			"from": [0, 0, 13],
			"to": [3, 16, 16],
			"rotation": {"angle": 0, "axis": "y", "origin": [0, 0, 16]},
			"faces": {
				"north": {"uv": [4, 3.2, 3, 16], "texture": "#bottom"},
				"east": {"uv": [3, 3.2, 0, 16], "texture": "#bottom"},
				"south": {"uv": [0, 2.4, 16, 0], "rotation": 90, "texture": "#bottom"},
				"west": {"uv": [3, 3.2, 0, 16], "texture": "#bottom"},
				"up": {"uv": [0, 2.4, 3, 0], "texture": "#bottom"},
				"down": {"uv": [0, 2.4, 1, 0], "texture": "#bottom"}
			}
		},
		{
			"from": [0, 0, 10],
			"to": [3, 5, 12],
			"rotation": {"angle": 0, "axis": "y", "origin": [0, 0, 16]},
			"faces": {
				"north": {"uv": [13, 12, 12, 16], "texture": "#bottom"},
				"east": {"uv": [6, 12, 4, 16], "texture": "#bottom"},
				"south": {"uv": [4, 12, 3, 16], "texture": "#bottom"},
				"west": {"uv": [6, 12, 4, 16], "texture": "#bottom"},
				"up": {"uv": [0, 2.4, 1, 0], "texture": "#bottom"},
				"down": {"uv": [0, 2.4, 1, 0], "texture": "#bottom"}
			}
		},
		{
			"from": [0, 0, 7],
			"to": [3, 4, 9],
			"rotation": {"angle": 0, "axis": "y", "origin": [0, 0, 16]},
			"faces": {
				"north": {"uv": [10, 12.8, 9, 16], "texture": "#bottom"},
				"east": {"uv": [9, 12.8, 7, 16], "texture": "#bottom"},
				"south": {"uv": [13, 12.8, 12, 16], "texture": "#bottom"},
				"west": {"uv": [9, 12.8, 7, 16], "texture": "#bottom"},
				"up": {"uv": [0, 2.4, 1, 0], "texture": "#bottom"},
				"down": {"uv": [0, 2.4, 1, 0], "texture": "#bottom"}
			}
		},
		{
			"from": [0, 0, 4],
			"to": [3, 5, 6],
			"rotation": {"angle": 0, "axis": "y", "origin": [0, 0, 16]},
			"faces": {
				"north": {"uv": [13, 12, 12, 16], "texture": "#bottom"},
				"east": {"uv": [12, 12, 10, 16], "texture": "#bottom"},
				"south": {"uv": [13, 12, 12, 16], "texture": "#bottom"},
				"west": {"uv": [12, 12, 10, 16], "texture": "#bottom"},
				"up": {"uv": [0, 2.4, 1, 0], "texture": "#bottom"},
				"down": {"uv": [0, 2.4, 1, 0], "texture": "#bottom"}
			}
		},
		{
			"from": [1, 0, 12],
			"to": [2, 16, 13],
			"rotation": {"angle": 0, "axis": "y", "origin": [0, 0, 16]},
			"faces": {
				"north": {"uv": [1, 0, 0, 2.4], "texture": "#bottom"},
				"east": {"uv": [4, 3.2, 3, 16], "texture": "#bottom"},
				"south": {"uv": [1, 0, 0, 12.8], "texture": "#missing"},
				"west": {"uv": [4, 3.2, 3, 16], "texture": "#bottom"},
				"up": {"uv": [0, 2.4, 1, 0], "texture": "#bottom"},
				"down": {"uv": [0, 2.4, 1, 0], "texture": "#bottom"}
			}
		},
		{
			"from": [1, 0, 9],
			"to": [2, 4, 10],
			"rotation": {"angle": 0, "axis": "y", "origin": [0, 0, 16]},
			"faces": {
				"north": {"uv": [1, 0, 0, 12.8], "texture": "#missing"},
				"east": {"uv": [7, 12.8, 6, 16], "texture": "#bottom"},
				"south": {"uv": [1, 0, 0, 12.8], "texture": "#missing"},
				"west": {"uv": [7, 12.8, 6, 16], "texture": "#bottom"},
				"up": {"uv": [0, 2.4, 1, 0], "texture": "#bottom"},
				"down": {"uv": [0, 2.4, 1, 0], "texture": "#bottom"}
			}
		},
		{
			"from": [0, 10, 11],
			"to": [3, 16, 12],
			"rotation": {"angle": 0, "axis": "y", "origin": [0, 0, 16]},
			"faces": {
				"north": {"uv": [1, 0, 0, 1.6], "texture": "#bottom"},
				"east": {"uv": [5, 3.2, 4, 8], "texture": "#bottom"},
				"south": {"uv": [1, 0, 0, 1.6], "texture": "#bottom"},
				"west": {"uv": [5, 3.2, 4, 8], "texture": "#bottom"},
				"up": {"uv": [0, 2.4, 1, 0], "texture": "#bottom"},
				"down": {"uv": [0, 2.4, 1, 0], "texture": "#bottom"}
			}
		},
		{
			"from": [0, 11, 10],
			"to": [3, 15, 11],
			"rotation": {"angle": 0, "axis": "y", "origin": [0, 0, 16]},
			"faces": {
				"north": {"uv": [1, 0, 0, 1.6], "texture": "#bottom"},
				"east": {"uv": [5, 4, 4, 7.2], "texture": "#bottom"},
				"south": {"uv": [1, 0, 0, 12.8], "texture": "#missing"},
				"west": {"uv": [6, 4, 5, 7.2], "texture": "#bottom"},
				"up": {"uv": [0, 2.4, 1, 0], "texture": "#bottom"},
				"down": {"uv": [0, 2.4, 1, 0], "texture": "#bottom"}
			}
		},
		{
			"from": [0, 12, 6],
			"to": [3, 16, 9],
			"rotation": {"angle": 0, "axis": "y", "origin": [0, 0, 16]},
			"faces": {
				"north": {"uv": [1, 0, 0, 0.8], "texture": "#bottom"},
				"east": {"uv": [10, 3.2, 7, 6.4], "texture": "#bottom"},
				"south": {"uv": [1, 0, 0, 1.6], "texture": "#bottom"},
				"west": {"uv": [10, 3.2, 7, 6.4], "texture": "#bottom"},
				"up": {"uv": [0, 2.4, 1, 0], "texture": "#bottom"},
				"down": {"uv": [0, 2.4, 1, 0], "texture": "#bottom"}
			}
		},
		{
			"from": [1, 12, 9],
			"to": [2, 15, 10],
			"rotation": {"angle": 0, "axis": "y", "origin": [0, 0, 16]},
			"faces": {
				"north": {"uv": [1, 0, 0, 12.8], "texture": "#missing"},
				"east": {"uv": [5, 3.2, 4, 6.4], "texture": "#bottom"},
				"south": {"uv": [1, 0, 0, 12.8], "texture": "#missing"},
				"west": {"uv": [7, 4, 6, 6.4], "texture": "#bottom"},
				"up": {"uv": [0, 2.4, 1, 0], "texture": "#bottom"},
				"down": {"uv": [0, 2.4, 1, 0], "texture": "#bottom"}
			}
		},
		{
			"from": [1, 0, 6],
			"to": [2, 4, 7],
			"rotation": {"angle": 0, "axis": "y", "origin": [0, 0, 16]},
			"faces": {
				"north": {"uv": [1, 0, 0, 12.8], "texture": "#missing"},
				"east": {"uv": [10, 12.8, 9, 16], "texture": "#bottom"},
				"south": {"uv": [1, 0, 0, 12.8], "texture": "#missing"},
				"west": {"uv": [10, 12.8, 9, 16], "texture": "#bottom"},
				"up": {"uv": [0, 2.4, 1, 0], "texture": "#bottom"},
				"down": {"uv": [0, 2.4, 1, 0], "texture": "#bottom"}
			}
		},
		{
			"from": [1, 0, 3],
			"to": [2, 15, 4],
			"rotation": {"angle": 0, "axis": "y", "origin": [0, 0, 16]},
			"faces": {
				"north": {"uv": [1, 0, 0, 12.8], "texture": "#missing"},
				"east": {"uv": [13, 4, 12, 16], "texture": "#bottom"},
				"south": {"uv": [2, 0.8, 1, 2.4], "texture": "#bottom"},
				"west": {"uv": [13, 4, 12, 16], "texture": "#bottom"},
				"up": {"uv": [0, 2.4, 1, 0], "texture": "#bottom"},
				"down": {"uv": [0, 2.4, 1, 0], "texture": "#bottom"}
			}
		},
		{
			"from": [0, 0, 1],
			"to": [3, 15, 3],
			"rotation": {"angle": 0, "axis": "y", "origin": [0, 0, 16]},
			"faces": {
				"north": {"uv": [0, 2.4, 15, 0], "rotation": 90, "texture": "#bottom"},
				"east": {"uv": [15, 4, 12, 16], "texture": "#bottom"},
				"south": {"uv": [13, 4, 12, 16], "texture": "#bottom"},
				"west": {"uv": [15, 4, 13, 16], "texture": "#bottom"},
				"up": {"uv": [0, 2.4, 1, 0], "texture": "#bottom"},
				"down": {"uv": [0, 2.4, 1, 0], "texture": "#bottom"}
			}
		},
		{
			"from": [0, 0, 0],
			"to": [3, 12, 1],
			"rotation": {"angle": 0, "axis": "y", "origin": [0, 0, 16]},
			"faces": {
				"north": {"uv": [0, 2.4, 16, 0], "rotation": 90, "texture": "#bottom"},
				"east": {"uv": [16, 6.4, 15, 16], "texture": "#bottom"},
				"south": {"uv": [4, 3.2, 3, 16], "texture": "#bottom"},
				"west": {"uv": [16, 6.4, 15, 16], "texture": "#bottom"},
				"up": {"uv": [0, 2.4, 1, 0], "texture": "#bottom"},
				"down": {"uv": [0, 2.4, 1, 0], "texture": "#bottom"}
			}
		},
		{
			"from": [0, 5, 11],
			"to": [3, 6, 12],
			"rotation": {"angle": 0, "axis": "y", "origin": [0, 0, 16]},
			"faces": {
				"north": {"uv": [1, 0, 0, 0.8], "texture": "#bottom"},
				"east": {"uv": [5, 11.2, 4, 12], "texture": "#bottom"},
				"south": {"uv": [1, 0, 0, 0.8], "texture": "#bottom"},
				"west": {"uv": [5, 11.2, 4, 12], "texture": "#bottom"},
				"up": {"uv": [0, 0.8, 1, 0], "texture": "#bottom"},
				"down": {"uv": [0, 0.8, 1, 0], "texture": "#missing"}
			}
		},
		{
			"from": [0, 11, 6],
			"to": [3, 12, 7],
			"rotation": {"angle": 0, "axis": "y", "origin": [0, 0, 16]},
			"faces": {
				"north": {"uv": [1, 0, 0, 0.8], "texture": "#missing"},
				"east": {"uv": [10, 6.4, 9, 7.2], "texture": "#bottom"},
				"south": {"uv": [1, 0, 0, 0.8], "texture": "#bottom"},
				"west": {"uv": [10, 6.4, 9, 7.2], "texture": "#bottom"},
				"up": {"uv": [0, 0.8, 1, 0], "texture": "#missing"},
				"down": {"uv": [0, 0.8, 1, 0], "texture": "#bottom"}
			}
		},
		{
			"from": [0, 10, 7],
			"to": [3, 11, 9],
			"rotation": {"angle": 0, "axis": "y", "origin": [0, 0, 16]},
			"faces": {
				"north": {"uv": [1, 0, 0, 0.8], "texture": "#bottom"},
				"east": {"uv": [9, 7.2, 7, 8], "texture": "#bottom"},
				"south": {"uv": [1, 0, 0, 0.8], "texture": "#bottom"},
				"west": {"uv": [9, 7.2, 7, 8], "texture": "#bottom"},
				"up": {"uv": [0, 0.8, 1, 0], "texture": "#bottom"},
				"down": {"uv": [0, 0.8, 1, 0], "texture": "#missing"}
			}
		},
		{
			"from": [0, 5, 6],
			"to": [3, 10, 9],
			"rotation": {"angle": 0, "axis": "y", "origin": [0, 0, 16]},
			"faces": {
				"north": {"uv": [1, 0, 0, 0.8], "texture": "#bottom"},
				"east": {"uv": [10, 8, 7, 12], "texture": "#bottom"},
				"south": {"uv": [1, 0, 0, 0.8], "texture": "#bottom"},
				"west": {"uv": [10, 8, 7, 12], "texture": "#bottom"},
				"up": {"uv": [0, 0.8, 1, 0], "texture": "#bottom"},
				"down": {"uv": [0, 0.8, 1, 0], "texture": "#bottom"}
			}
		},
		{
			"from": [0, 6, 9],
			"to": [3, 10, 10],
			"rotation": {"angle": 0, "axis": "y", "origin": [0, 0, 16]},
			"faces": {
				"north": {"uv": [1, 0, 0, 0.8], "texture": "#missing"},
				"east": {"uv": [7, 8, 6, 11.2], "texture": "#bottom"},
				"south": {"uv": [1, 0, 0, 0.8], "texture": "#bottom"},
				"west": {"uv": [7, 8, 6, 11.2], "texture": "#bottom"},
				"up": {"uv": [0, 0.8, 1, 0], "texture": "#bottom"},
				"down": {"uv": [0, 0.8, 1, 0], "texture": "#bottom"}
			}
		},
		{
			"from": [0, 5, 4],
			"to": [3, 14, 5],
			"rotation": {"angle": 0, "axis": "y", "origin": [0, 0, 16]},
			"faces": {
				"north": {"uv": [13, 8, 12, 8.8], "texture": "#bottom"},
				"east": {"uv": [12, 4.8, 11, 12], "texture": "#bottom"},
				"south": {"uv": [1, 0, 0, 0.8], "texture": "#bottom"},
				"west": {"uv": [12, 4.8, 11, 12.8], "texture": "#bottom"},
				"up": {"uv": [0, 0.8, 1, 0], "texture": "#bottom"},
				"down": {"uv": [0, 0.8, 1, 0], "texture": "#missing"}
			}
		},
		{
			"from": [0, 7, 5],
			"to": [3, 15, 6],
			"rotation": {"angle": 0, "axis": "y", "origin": [0, 0, 16]},
			"faces": {
				"north": {"uv": [1, 0, 0, 0.8], "texture": "#bottom"},
				"east": {"uv": [11, 4, 10, 10.4], "texture": "#bottom"},
				"south": {"uv": [1, 0, 0, 0.8], "texture": "#bottom"},
				"west": {"uv": [11, 4, 10, 10.4], "texture": "#bottom"},
				"up": {"uv": [0, 0.8, 1, 0], "texture": "#bottom"},
				"down": {"uv": [0, 0.8, 1, 0], "texture": "#bottom"}
			}
		}
	]
}